Phone 1,CC0iddIyMzy9nlnw2QO7M/bG3BNDW7Xx7D7ABR4m+56eJj4=
274.188.8773x41185,eyfpDQDlAwHMGh7mW4S0B44gN+M3hyQbzlKcwjjVdHzvyIXSEYyCMQMGEk26jQ==
283-236-9529,pyIN3O+D/Ac9hK84KlRaRBp5iEYNz6xznN4KF9FuFXvMIwMHdJL1xw==
8252703789,pVA0gSF/kG7y1hOT2d+LRpcHddDfnI8VNmBukLsAXw93XGN0JtA=
425.475.3586,zbZM10mVkl2RSZ6aZhkfTm5WsjMc46Yaa/QoW0wsOOIIPuy5s8kBWw==
+1-223-666-5313x4530,d8vuYH73QkWu8cyEaag1UmZ6JhY84q70M/HtEABYfTWZJyyIV4aOhlkf/a8ORMjA
+1-165-340-7100x44099,D7gtewFajn3/f/p6zTJY1GzbfGCY0R440r2hRqglKKXf2x78TU7G6qb44iIiupwxBw==
426.446.3838,Vb/xeLF5rA0jJNcNClQADGNYwp1ByNwtbaBxSSI9FnwOWI7Dsuvr1A==
101-419-0208x043,gOQPxRdv6tQJ9VsoygC0s4F4+4WP+BN+TFxxONGCy6pnbtSeTqM0T8M9F0A=
+1-740-392-0511,fWOJAgwiOYtKsbwFQ9jGzrQCSNGsI23l0SaEuu4SdTZhu48zN/E585OKMA==
0389689232,ee942cmESWXJiMsQpyhuXCJhpYAfYZBdE8PNB/rd2W8goFwzgwU=
633-378-8507x08686,0llSH+/+vgK6KQ0estxkb0t2A24h6LPgEl954CyUKRgADRHSRu+2HLuaeSEheg==
519.472.4385x034,yIgfPWhk3ihZhxg3dpvLny7zyIaMLMhbCOucNIiVn2WfMsZgqI4l3mTFqXg=
+1-526-648-0493x3641,9UM4HQijvEl9vJparalZyeB5KIzsq+8hOyjCwWI8+xHVQjfppybcz37t9p771WRn
(762)013-7190x086,5mj8bBNDf8Gu8nl9rVHeNqmR2lDpweuXisuWnhchMU2nOPXOEOVMpxxOaU0I
497.080.4450x952,8vlcmnSu0dCOfsW14PSHj1YKziKwlTJ40CaTuE1Km/ZA4mspU7MhJzm7ilY=
+1-463-484-7621x566,UZ1l2JK+t2tOavfQ9Uqp8a72OM789QtQbjKtICdYXgJL/g4ZjaiRab/H1H/9sf4=
132-937-2584x881,DIKaLqMSp13rKQOdhct6kfYwXxevAbP3nOd2m17UiqAjFiGMJpwNRRvMDfk=
717-466-4199x3096,amlNeOKKgxURGn14DTLA8fjksPB5FOZq4ijxdEAuX+tuBMsXUYIu0lXhPxAJ
214.441.5670x2817,uOS3vz1dqBvz+QDLDzfW3Ih/psNgKnVPlxbm5SM7Mcp9hv15kcVt/F4yEZb0
